salesorderid,customerid_fk,orderdate,requireddeliverydate,orderstatus,shippingaddress,totalamount
SO-20241201155015-913,CUST001,2024-12-01 15:50:15,2024-12-15 15:50:15,Partially Shipped,,27637.25
SO-20241203165330-856,CUST001,2024-12-03 16:53:30,2024-12-31 16:53:30,Partially Shipped,,661.25
SO-20241211165313-449,CUST002,2024-12-11 16:53:13,2025-01-25 16:53:13,Partially Shipped,,20297.75
SO-20241208095041-824,CUST002,2024-12-08 09:50:41,2024-12-20 09:50:41,Partially Shipped,,81435.25
SO-20241219154700-610,CUST003,2024-12-19 15:47:00,2025-01-19 15:47:00,Partially Shipped,,152.50
SO-20241125150327-823,CUST002,2024-11-25 15:03:27,2025-01-04 15:03:27,Partially Shipped,,225356.00
SO-20241125145316-176,CUST004,2024-11-25 14:53:16,2024-12-17 14:53:16,Partially Shipped,,2386.40
SO-20241204104022-298,CUST003,2024-12-04 10:40:22,2024-12-23 10:40:22,Partially Shipped,,21237.50
SO-20241126112335-814,CUST004,2024-11-26 11:23:35,2024-12-19 11:23:35,Partially Shipped,,6208.50
SO-20241126125829-505,CUST003,2024-11-26 12:58:29,2024-12-28 12:58:29,Partially Shipped,,2343.90
SO-20241127134455-552,CUST005,2024-11-27 13:44:55,2024-12-19 13:44:55,Partially Shipped,,2271.25
SO-20241127154349-281,CUST002,2024-11-27 15:43:49,2024-12-07 15:43:49,Partially Shipped,,114426.00
SO-20241214160943-653,CUST002,2024-12-14 16:09:43,2024-12-29 16:09:43,Partially Shipped,,585.00
SO-20241208105202-354,CUST001,2024-12-08 10:52:02,2024-12-26 10:52:02,Partially Shipped,,3284.10
SO-20241128143412-429,CUST002,2024-11-28 14:34:12,2025-01-01 14:34:12,Partially Shipped,,3868.55
SO-20241128130218-312,CUST002,2024-11-28 13:02:18,2024-12-11 13:02:18,Partially Shipped,,9576.00
SO-20241215133111-386,CUST005,2024-12-15 13:31:11,2025-01-06 13:31:11,Partially Shipped,,3880.00
SO-20241126114902-243,CUST002,2024-11-26 11:49:02,2024-12-12 11:49:02,Partially Shipped,,30152.85
SO-20241130153420-616,CUST003,2024-11-30 15:34:20,2024-12-15 15:34:20,Partially Shipped,,12110.00
SO-20241126135618-287,CUST002,2024-11-26 13:56:18,2024-12-25 13:56:18,Partially Shipped,,29156.80
SO-20241129154738-225,CUST001,2024-11-29 15:47:38,2024-12-12 15:47:38,Partially Shipped,,7547.80
SO-20241205102031-364,CUST002,2024-12-05 10:20:31,2024-12-17 10:20:31,Partially Shipped,,62776.00
SO-20241207084250-498,CUST004,2024-12-07 08:42:50,2024-12-18 08:42:50,Partially Shipped,,34639.80
SO-20241130145834-244,CUST002,2024-11-30 14:58:34,2025-01-12 14:58:34,Partially Shipped,,164346.40
SO-20241129112628-388,CUST002,2024-11-29 11:26:28,2025-01-05 11:26:28,Partially Shipped,,985.00
SO-20241209132723-728,CUST003,2024-12-09 13:27:23,2025-01-17 13:27:23,Partially Shipped,,8376.50
SO-20241207123606-997,CUST004,2024-12-07 12:36:06,2024-12-22 12:36:06,Partially Shipped,,1468.75
SO-20241217111738-671,CUST005,2024-12-17 11:17:38,2025-01-09 11:17:38,Partially Shipped,,14741.60
SO-20241201134734-740,CUST004,2024-12-01 13:47:34,2025-01-04 13:47:34,Partially Shipped,,3978.30
SO-20241209142610-917,CUST003,2024-12-09 14:26:10,2024-12-23 14:26:10,Partially Shipped,,78621.20
SO-20241221100153-718,CUST001,2024-12-21 10:01:53,2025-01-25 10:01:53,Partially Shipped,,32007.50
SO-20241203100023-546,CUST001,2024-12-03 10:00:23,2025-01-11 10:00:23,Partially Shipped,,2909.40
SO-20241203131021-460,CUST003,2024-12-03 13:10:21,2024-12-17 13:10:21,Partially Shipped,,5832.00
SO-20241202111025-794,CUST003,2024-12-02 11:10:25,2024-12-30 11:10:25,Partially Shipped,,970.10
SO-20241205084835-622,CUST005,2024-12-05 08:48:35,2024-12-28 08:48:35,Partially Shipped,,31078.50
SO-20241204125509-167,CUST001,2024-12-04 12:55:09,2025-01-08 12:55:09,Partially Shipped,,132482.45
SO-20241211084257-252,CUST002,2024-12-11 08:42:57,2024-12-31 08:42:57,Partially Shipped,,10753.50
SO-20241202163756-281,CUST002,2024-12-02 16:37:56,2025-01-08 16:37:56,Partially Shipped,,145053.60
SO-20241205095740-531,CUST003,2024-12-05 09:57:40,2024-12-29 09:57:40,Partially Shipped,,2280.00
SO-20241206131635-442,CUST002,2024-12-06 13:16:35,2025-01-08 13:16:35,Partially Shipped,,15698.00
SO-20241204105208-275,CUST002,2024-12-04 10:52:08,2025-01-02 10:52:08,Partially Shipped,,44402.10
SO-20241206122022-574,CUST004,2024-12-06 12:20:22,2024-12-16 12:20:22,Partially Shipped,,357762.40
SO-20241217095357-423,CUST004,2024-12-17 09:53:57,2025-01-24 09:53:57,Partially Shipped,,7207.10
SO-20241206151047-396,CUST002,2024-12-06 15:10:47,2025-01-03 15:10:47,Partially Shipped,,33252.25
SO-20241207163159-489,CUST005,2024-12-07 16:31:59,2025-01-04 16:31:59,Partially Shipped,,245110.25
SO-20241220084325-414,CUST003,2024-12-20 08:43:25,2025-01-18 08:43:25,Partially Shipped,,1489.25
SO-20241221094233-424,CUST003,2024-12-21 09:42:33,2025-01-12 09:42:33,Partially Shipped,,6134.15
SO-20241215142916-769,CUST005,2024-12-15 14:29:16,2025-01-28 14:29:16,Partially Shipped,,51861.25
SO-20241218114110-204,CUST004,2024-12-18 11:41:10,2025-01-12 11:41:10,Partially Shipped,,5684.80
SO-20241207101135-674,CUST003,2024-12-07 10:11:35,2024-12-23 10:11:35,Partially Shipped,,3924.00
SO-20241210131750-697,CUST005,2024-12-10 13:17:50,2025-01-09 13:17:50,Partially Shipped,,2097.60
SO-20241210093803-731,CUST003,2024-12-10 09:38:03,2025-01-16 09:38:03,Partially Shipped,,4051.60
SO-20241208145802-850,CUST002,2024-12-08 14:58:02,2025-01-19 14:58:02,Partially Shipped,,15475.80
SO-20241211102246-492,CUST003,2024-12-11 10:22:46,2024-12-31 10:22:46,Partially Shipped,,420161.80
SO-20241218164844-709,CUST002,2024-12-18 16:48:44,2025-01-23 16:48:44,Partially Shipped,,64154.20
SO-20241211144829-210,CUST003,2024-12-11 14:48:29,2025-01-25 14:48:29,Partially Shipped,,13196.80
SO-20241216125428-112,CUST005,2024-12-16 12:54:28,2025-01-22 12:54:28,Partially Shipped,,4200.80
SO-20241213093923-900,CUST001,2024-12-13 09:39:23,2025-01-15 09:39:23,Partially Shipped,,353827.10
SO-20241213120428-997,CUST001,2024-12-13 12:04:28,2024-12-26 12:04:28,Partially Shipped,,5650.10
SO-20241213163829-429,CUST005,2024-12-13 16:38:29,2025-01-08 16:38:29,Partially Shipped,,36838.95
SO-20241213145955-781,CUST002,2024-12-13 14:59:55,2025-01-01 14:59:55,Partially Shipped,,161436.50
SO-20241218090843-684,CUST004,2024-12-18 09:08:43,2025-01-03 09:08:43,Partially Shipped,,4527.50
SO-20241219143007-328,CUST004,2024-12-19 14:30:07,2025-01-03 14:30:07,Partially Shipped,,10890.00
SO-20241212122920-684,CUST001,2024-12-12 12:29:20,2025-01-15 12:29:20,Partially Shipped,,807.50
SO-20241221141503-761,CUST004,2024-12-21 14:15:03,2025-01-07 14:15:03,Partially Shipped,,9045.00
SO-20241216104056-460,CUST001,2024-12-16 10:40:56,2025-01-08 10:40:56,Partially Shipped,,452.40
SO-20241215152845-905,CUST003,2024-12-15 15:28:45,2025-01-04 15:28:45,Partially Shipped,,20570.00
SO-20241212120720-603,CUST003,2024-12-12 12:07:20,2025-01-17 12:07:20,Partially Shipped,,2805.00
SO-20241218134734-175,CUST001,2024-12-18 13:47:34,2025-01-07 13:47:34,Partially Shipped,,36465.25
SO-20241216121818-770,CUST005,2024-12-16 12:18:18,2025-01-22 12:18:18,Partially Shipped,,16103.00
SO-20241220154501-689,CUST002,2024-12-20 15:45:01,2024-12-30 15:45:01,Partially Shipped,,2553.60
SO-20241217150506-354,CUST001,2024-12-17 15:05:06,2025-01-24 15:05:06,Partially Shipped,,151892.80
SO-20241230100112-962,CUST004,2024-12-30 10:01:12,2025-02-06 10:01:12,Partially Shipped,,70566.90
SO-20241224085439-536,CUST004,2024-12-24 08:54:39,2025-01-11 08:54:39,Partially Shipped,,3391.50
SO-20241223160122-214,CUST003,2024-12-23 16:01:22,2025-01-29 16:01:22,Partially Shipped,,22206.50
SO-20241227163207-800,CUST005,2024-12-27 16:32:07,2025-01-17 16:32:07,Partially Shipped,,9458.75
SO-20241225093532-451,CUST004,2024-12-25 09:35:32,2025-01-17 09:35:32,Partially Shipped,,71126.10
SO-20250102143218-533,CUST003,2025-01-02 14:32:18,2025-02-06 14:32:18,Partially Shipped,,115231.20
SO-20241230134005-899,CUST003,2024-12-30 13:40:05,2025-01-27 13:40:05,Partially Shipped,,58496.50
SO-20241220142538-910,CUST002,2024-12-20 14:25:38,2025-01-21 14:25:38,Partially Shipped,,5619.15
SO-20250104153355-429,CUST001,2025-01-04 15:33:55,2025-02-11 15:33:55,Partially Shipped,,17062.50
SO-20241227151834-992,CUST003,2024-12-27 15:18:34,2025-01-30 15:18:34,Partially Shipped,,3176.80
SO-20241230134535-854,CUST002,2024-12-30 13:45:35,2025-02-12 13:45:35,Partially Shipped,,84661.30
SO-20241227161211-830,CUST005,2024-12-27 16:12:11,2025-01-08 16:12:11,Partially Shipped,,100731.95
SO-20241222101643-721,CUST002,2024-12-22 10:16:43,2025-01-18 10:16:43,Partially Shipped,,250.00
SO-20241222091651-381,CUST001,2024-12-22 09:16:51,2025-01-31 09:16:51,Partially Shipped,,5642.60
SO-20241221163721-935,CUST005,2024-12-21 16:37:21,2025-01-23 16:37:21,Partially Shipped,,2075.75
SO-20241227101758-777,CUST002,2024-12-27 10:17:58,2025-01-17 10:17:58,Partially Shipped,,77042.25
SO-20241222145026-199,CUST002,2024-12-22 14:50:26,2025-01-21 14:50:26,Partially Shipped,,251892.50
SO-20250109121414-345,CUST001,2025-01-09 12:14:14,2025-02-03 12:14:14,Partially Shipped,,1037.40
SO-20250111140312-671,CUST002,2025-01-11 14:03:12,2025-02-01 14:03:12,Partially Shipped,,70025.20
SO-20241224124330-514,CUST001,2024-12-24 12:43:30,2025-01-14 12:43:30,Partially Shipped,,4265.00
SO-20241222134014-422,CUST004,2024-12-22 13:40:14,2025-02-03 13:40:14,Partially Shipped,,7792.60
SO-20241224083520-678,CUST001,2024-12-24 08:35:20,2025-01-16 08:35:20,Partially Shipped,,9579.10
SO-20241231153445-452,CUST005,2024-12-31 15:34:45,2025-02-09 15:34:45,Partially Shipped,,50061.30
SO-20241223153911-890,CUST002,2024-12-23 15:39:11,2025-02-02 15:39:11,Partially Shipped,,4022.80
SO-20241224121344-122,CUST002,2024-12-24 12:13:44,2025-01-21 12:13:44,Partially Shipped,,13760.80
SO-20241222094710-969,CUST004,2024-12-22 09:47:10,2025-01-16 09:47:10,Partially Shipped,,6703.20
SO-20250109094519-558,CUST004,2025-01-09 09:45:19,2025-01-26 09:45:19,Partially Shipped,,15927.60
SO-20241231165659-497,CUST002,2024-12-31 16:56:59,2025-01-28 16:56:59,Partially Shipped,,6722.50
SO-20241228090408-963,CUST002,2024-12-28 09:04:08,2025-01-24 09:04:08,Partially Shipped,,69175.20
SO-20241223083238-420,CUST001,2024-12-23 08:32:38,2025-01-04 08:32:38,Partially Shipped,,72202.20
SO-20241225080649-121,CUST005,2024-12-25 08:06:49,2025-01-18 08:06:49,Partially Shipped,,4631.80
SO-20241226100856-626,CUST001,2024-12-26 10:08:56,2025-01-30 10:08:56,Partially Shipped,,6818.90
SO-20241222094348-331,CUST002,2024-12-22 09:43:48,2025-01-30 09:43:48,Partially Shipped,,108990.00
SO-20250107112207-875,CUST004,2025-01-07 11:22:07,2025-02-01 11:22:07,Partially Shipped,,22009.60
SO-20250111111552-849,CUST001,2025-01-11 11:15:52,2025-01-29 11:15:52,Partially Shipped,,156824.00
SO-20250109133506-344,CUST005,2025-01-09 13:35:06,2025-01-27 13:35:06,Partially Shipped,,431257.25
SO-20241229122742-515,CUST002,2024-12-29 12:27:42,2025-01-12 12:27:42,Partially Shipped,,56968.50
SO-20241225081826-726,CUST003,2024-12-25 08:18:26,2025-01-04 08:18:26,Partially Shipped,,1529.50
SO-20250107084839-906,CUST004,2025-01-07 08:48:39,2025-01-30 08:48:39,Partially Shipped,,2846.25
SO-20250111114017-963,CUST001,2025-01-11 11:40:17,2025-02-19 11:40:17,Partially Shipped,,236691.00
SO-20241230130315-662,CUST005,2024-12-30 13:03:15,2025-02-02 13:03:15,Partially Shipped,,224792.50
SO-20241226124636-774,CUST005,2024-12-26 12:46:36,2025-02-02 12:46:36,Partially Shipped,,2127.50
SO-20241229115433-182,CUST005,2024-12-29 11:54:33,2025-01-20 11:54:33,Partially Shipped,,20475.00
SO-20241227160613-847,CUST002,2024-12-27 16:06:13,2025-01-17 16:06:13,Partially Shipped,,1196.00
SO-20241228090859-195,CUST003,2024-12-28 09:08:59,2025-01-25 09:08:59,Partially Shipped,,21103.50
SO-20250110114444-316,CUST005,2025-01-10 11:44:44,2025-01-27 11:44:44,Partially Shipped,,24524.25
SO-20241229110736-920,CUST003,2024-12-29 11:07:36,2025-02-07 11:07:36,Partially Shipped,,13140.00
SO-20250101083608-471,CUST003,2025-01-01 08:36:08,2025-01-18 08:36:08,Partially Shipped,,2293.20
SO-20241231125652-876,CUST003,2024-12-31 12:56:52,2025-02-13 12:56:52,Partially Shipped,,95797.80
SO-20250112080652-865,CUST003,2025-01-12 08:06:52,2025-01-27 08:06:52,Partially Shipped,,3955.00
SO-20250112125553-479,CUST003,2025-01-12 12:55:53,2025-02-07 12:55:53,Partially Shipped,,26132.20
SO-20250101080411-117,CUST004,2025-01-01 08:04:11,2025-02-13 08:04:11,Partially Shipped,,25503.30
SO-20250101115512-490,CUST005,2025-01-01 11:55:12,2025-02-03 11:55:12,Partially Shipped,,12622.50
SO-20250102124433-829,CUST004,2025-01-02 12:44:33,2025-01-15 12:44:33,Partially Shipped,,35603.40
SO-20250108080208-341,CUST005,2025-01-08 08:02:08,2025-02-02 08:02:08,Partially Shipped,,78949.00
SO-20250104101941-549,CUST003,2025-01-04 10:19:41,2025-02-17 10:19:41,Partially Shipped,,266332.50
SO-20250103113424-101,CUST005,2025-01-03 11:34:24,2025-01-27 11:34:24,Partially Shipped,,185310.00
SO-20250104132224-768,CUST001,2025-01-04 13:22:24,2025-01-27 13:22:24,Partially Shipped,,225027.30
SO-20250103132211-632,CUST004,2025-01-03 13:22:11,2025-01-30 13:22:11,Partially Shipped,,519703.80
SO-20250105101939-987,CUST001,2025-01-05 10:19:39,2025-01-24 10:19:39,Partially Shipped,,3813.70
SO-20250105083123-604,CUST003,2025-01-05 08:31:23,2025-01-25 08:31:23,Partially Shipped,,4867.20
SO-20250102102817-300,CUST005,2025-01-02 10:28:17,2025-02-02 10:28:17,Partially Shipped,,99687.75
SO-20250105125345-137,CUST003,2025-01-05 12:53:45,2025-02-15 12:53:45,Partially Shipped,,312615.00
SO-20250108123544-127,CUST005,2025-01-08 12:35:44,2025-01-24 12:35:44,Partially Shipped,,95565.10
SO-20250106113838-835,CUST004,2025-01-06 11:38:38,2025-02-07 11:38:38,Partially Shipped,,120196.10
SO-20250104145313-139,CUST001,2025-01-04 14:53:13,2025-02-15 14:53:13,Partially Shipped,,2073.70
SO-20250102083100-777,CUST003,2025-01-02 08:31:00,2025-01-24 08:31:00,Partially Shipped,,34792.80
SO-20250107124312-357,CUST003,2025-01-07 12:43:12,2025-01-17 12:43:12,Partially Shipped,,12715.40
SO-20250110151507-612,CUST004,2025-01-10 15:15:07,2025-01-23 15:15:07,Partially Shipped,,64964.80
SO-20250109124927-864,CUST005,2025-01-09 12:49:27,2025-01-30 12:49:27,Partially Shipped,,6545.00
SO-20250111140425-782,CUST003,2025-01-11 14:04:25,2025-02-07 14:04:25,Partially Shipped,,23482.50
SO-20250107111016-704,CUST005,2025-01-07 11:10:16,2025-02-12 11:10:16,Partially Shipped,,145909.30
SO-20250106135136-981,CUST003,2025-01-06 13:51:36,2025-02-17 13:51:36,Partially Shipped,,4067.30
SO-20250119082338-231,CUST002,2025-01-19 08:23:38,2025-02-16 08:23:38,Partially Shipped,,6652.50
SO-20250118140610-295,CUST005,2025-01-18 14:06:10,2025-01-29 14:06:10,Partially Shipped,,206328.80
SO-20250117083041-641,CUST005,2025-01-17 08:30:41,2025-03-03 08:30:41,Partially Shipped,,67080.80
SO-20250202091745-304,CUST001,2025-02-02 09:17:45,2025-03-09 09:17:45,Partially Shipped,,96944.30
SO-20250111080225-542,CUST002,2025-01-11 08:02:25,2025-01-26 08:02:25,Partially Shipped,,10030.00
SO-20250203133139-888,CUST001,2025-02-03 13:31:39,2025-03-06 13:31:39,Partially Shipped,,21670.00
SO-20250120092214-218,CUST003,2025-01-20 09:22:14,2025-02-28 09:22:14,Partially Shipped,,14279.50
SO-20250118081002-941,CUST004,2025-01-18 08:10:02,2025-03-03 08:10:02,Partially Shipped,,89083.80
SO-20250113110302-185,CUST003,2025-01-13 11:03:02,2025-02-18 11:03:02,Partially Shipped,,10965.00
SO-20250113095259-544,CUST003,2025-01-13 09:52:59,2025-02-13 09:52:59,Partially Shipped,,38610.50
SO-20250131110102-832,CUST001,2025-01-31 11:01:02,2025-02-10 11:01:02,Partially Shipped,,597.50
SO-20250114081703-919,CUST004,2025-01-14 08:17:03,2025-02-14 08:17:03,Partially Shipped,,92726.60
SO-20250122092035-101,CUST001,2025-01-22 09:20:35,2025-02-03 09:20:35,Partially Shipped,,43091.10
SO-20250114082716-133,CUST005,2025-01-14 08:27:16,2025-02-24 08:27:16,Partially Shipped,,57838.65
SO-20250115135231-345,CUST003,2025-01-15 13:52:31,2025-02-22 13:52:31,Partially Shipped,,10323.40
SO-20250130150356-242,CUST004,2025-01-30 15:03:56,2025-02-12 15:03:56,Partially Shipped,,58268.50
SO-20250122143847-233,CUST003,2025-01-22 14:38:47,2025-02-07 14:38:47,Partially Shipped,,17354.00
SO-20250113104211-167,CUST003,2025-01-13 10:42:11,2025-02-04 10:42:11,Partially Shipped,,1793.60
SO-20250201161234-251,CUST001,2025-02-01 16:12:34,2025-03-12 16:12:34,Partially Shipped,,5763.00
SO-20250114163054-401,CUST002,2025-01-14 16:30:54,2025-01-28 16:30:54,Partially Shipped,,5805.35
SO-20250118105909-781,CUST003,2025-01-18 10:59:09,2025-02-23 10:59:09,Partially Shipped,,47574.70
SO-20250115094211-701,CUST005,2025-01-15 09:42:11,2025-02-06 09:42:11,Partially Shipped,,19080.00
SO-20250116114830-971,CUST002,2025-01-16 11:48:30,2025-02-06 11:48:30,Partially Shipped,,6009.30
SO-20250116084748-711,CUST004,2025-01-16 08:47:48,2025-02-19 08:47:48,Partially Shipped,,30895.10
SO-20250117084255-844,CUST005,2025-01-17 08:42:55,2025-02-04 08:42:55,Partially Shipped,,3375.00
SO-20250116110223-398,CUST003,2025-01-16 11:02:23,2025-02-23 11:02:23,Partially Shipped,,62212.80
SO-20250118141053-767,CUST001,2025-01-18 14:10:53,2025-02-26 14:10:53,Partially Shipped,,8310.40
SO-20250201080126-258,CUST004,2025-02-01 08:01:26,2025-03-06 08:01:26,Partially Shipped,,59733.60
SO-20250126083943-189,CUST001,2025-01-26 08:39:43,2025-02-28 08:39:43,Partially Shipped,,36834.50
SO-20250124161751-374,CUST002,2025-01-24 16:17:51,2025-03-04 16:17:51,Partially Shipped,,25213.50
SO-20250119091522-407,CUST004,2025-01-19 09:15:22,2025-01-30 09:15:22,Partially Shipped,,212448.00
SO-20250119132534-486,CUST003,2025-01-19 13:25:34,2025-02-13 13:25:34,Partially Shipped,,6384.00
SO-20250121111622-247,CUST005,2025-01-21 11:16:22,2025-02-11 11:16:22,Partially Shipped,,65496.60
SO-20250201125330-361,CUST005,2025-02-01 12:53:30,2025-02-18 12:53:30,Partially Shipped,,77815.60
SO-20250205142430-612,CUST004,2025-02-05 14:24:30,2025-02-26 14:24:30,Partially Shipped,,46318.85
SO-20250121110400-921,CUST002,2025-01-21 11:04:00,2025-02-25 11:04:00,Partially Shipped,,88326.00
SO-20250123162846-238,CUST005,2025-01-23 16:28:46,2025-02-17 16:28:46,Partially Shipped,,354897.00
SO-20250123103023-241,CUST004,2025-01-23 10:30:23,2025-02-22 10:30:23,Partially Shipped,,85674.30
SO-20250122110442-525,CUST004,2025-01-22 11:04:42,2025-03-01 11:04:42,Partially Shipped,,18723.80
SO-20250205113206-562,CUST004,2025-02-05 11:32:06,2025-03-20 11:32:06,Partially Shipped,,80829.80
SO-20250128091544-342,CUST005,2025-01-28 09:15:44,2025-02-18 09:15:44,Partially Shipped,,56642.00
SO-20250123155202-311,CUST003,2025-01-23 15:52:02,2025-02-27 15:52:02,Partially Shipped,,105627.10
SO-20250124084643-388,CUST001,2025-01-24 08:46:43,2025-02-16 08:46:43,Partially Shipped,,73890.00
SO-20250124155459-772,CUST001,2025-01-24 15:54:59,2025-02-09 15:54:59,Partially Shipped,,172322.40
SO-20250206092546-116,CUST003,2025-02-06 09:25:46,2025-03-04 09:25:46,Partially Shipped,,21403.00
SO-20250130121829-733,CUST001,2025-01-30 12:18:29,2025-03-02 12:18:29,Partially Shipped,,54684.60
SO-20250206140608-136,CUST005,2025-02-06 14:06:08,2025-03-13 14:06:08,Partially Shipped,,580.75
SO-20250130080619-945,CUST004,2025-01-30 08:06:19,2025-03-13 08:06:19,Partially Shipped,,595.00
SO-20250129164324-623,CUST001,2025-01-29 16:43:24,2025-03-03 16:43:24,Partially Shipped,,12305.80
SO-20250131161437-880,CUST004,2025-01-31 16:14:37,2025-03-06 16:14:37,Partially Shipped,,69404.40
SO-20250130151727-474,CUST002,2025-01-30 15:17:27,2025-02-11 15:17:27,Partially Shipped,,1817.75
SO-20250125134809-578,CUST001,2025-01-25 13:48:09,2025-03-10 13:48:09,Partially Shipped,,5066.60
SO-20250125144059-894,CUST005,2025-01-25 14:40:59,2025-02-18 14:40:59,Partially Shipped,,6732.00
SO-20250131125255-282,CUST002,2025-01-31 12:52:55,2025-02-20 12:52:55,Partially Shipped,,38011.00
SO-20250127134424-235,CUST004,2025-01-27 13:44:24,2025-02-28 13:44:24,Partially Shipped,,934.50
SO-20250126151643-911,CUST004,2025-01-26 15:16:43,2025-03-03 15:16:43,Partially Shipped,,217.50
SO-20250126131733-553,CUST003,2025-01-26 13:17:33,2025-02-26 13:17:33,Partially Shipped,,50066.60
SO-20250128125232-141,CUST005,2025-01-28 12:52:32,2025-03-10 12:52:32,Partially Shipped,,144010.10
SO-20250127125502-986,CUST005,2025-01-27 12:55:02,2025-02-11 12:55:02,Partially Shipped,,46826.80
SO-20250126131956-413,CUST003,2025-01-26 13:19:56,2025-03-12 13:19:56,Partially Shipped,,55598.30
SO-20250128083214-386,CUST002,2025-01-28 08:32:14,2025-02-16 08:32:14,Partially Shipped,,113084.00
SO-20250129123136-223,CUST004,2025-01-29 12:31:36,2025-03-01 12:31:36,Partially Shipped,,23496.00
SO-20250129142120-362,CUST001,2025-01-29 14:21:20,2025-02-17 14:21:20,Partially Shipped,,2888.00
SO-20250129161829-788,CUST005,2025-01-29 16:18:29,2025-02-23 16:18:29,Partially Shipped,,66312.50
SO-20250130140627-835,CUST001,2025-01-30 14:06:27,2025-03-10 14:06:27,Partially Shipped,,3657.90
SO-20250128131624-381,CUST001,2025-01-28 13:16:24,2025-02-11 13:16:24,Partially Shipped,,29955.60
SO-20250206130143-341,CUST003,2025-02-06 13:01:43,2025-03-01 13:01:43,Partially Shipped,,207350.25
SO-20250131115204-154,CUST005,2025-01-31 11:52:04,2025-02-16 11:52:04,Partially Shipped,,98860.00
SO-20250204125001-268,CUST005,2025-02-04 12:50:01,2025-03-21 12:50:01,Partially Shipped,,38929.80
SO-20250206145544-985,CUST005,2025-02-06 14:55:44,2025-03-08 14:55:44,Partially Shipped,,1647.50
SO-20250204161300-851,CUST005,2025-02-04 16:13:00,2025-02-16 16:13:00,Partially Shipped,,10018.00
SO-20250202154403-987,CUST004,2025-02-02 15:44:03,2025-03-06 15:44:03,Partially Shipped,,128823.40
SO-20250221145625-169,CUST003,2025-02-21 14:56:25,2025-03-25 14:56:25,Partially Shipped,,82925.60
SO-20250220104316-772,CUST005,2025-02-20 10:43:16,2025-03-25 10:43:16,Partially Shipped,,1079.20
SO-20250214163741-423,CUST001,2025-02-14 16:37:41,2025-03-10 16:37:41,Partially Shipped,,81392.15
SO-20250213154855-251,CUST002,2025-02-13 15:48:55,2025-03-02 15:48:55,Partially Shipped,,15123.60
SO-20250211094358-916,CUST004,2025-02-11 09:43:58,2025-03-13 09:43:58,Partially Shipped,,492000.60
SO-20250214163833-773,CUST003,2025-02-14 16:38:33,2025-03-28 16:38:33,Partially Shipped,,5278.50
SO-20250217082214-833,CUST003,2025-02-17 08:22:14,2025-03-03 08:22:14,Partially Shipped,,10429.50
SO-20250204122457-377,CUST003,2025-02-04 12:24:57,2025-03-16 12:24:57,Partially Shipped,,15462.35
SO-20250221150605-547,CUST001,2025-02-21 15:06:05,2025-04-06 15:06:05,Partially Shipped,,2893.80
SO-20250215100229-909,CUST002,2025-02-15 10:02:29,2025-03-18 10:02:29,Partially Shipped,,13547.50
SO-20250214123612-840,CUST001,2025-02-14 12:36:12,2025-03-11 12:36:12,Partially Shipped,,27642.95
SO-20250207101441-552,CUST002,2025-02-07 10:14:41,2025-02-20 10:14:41,Partially Shipped,,28734.80
SO-20250208084915-620,CUST003,2025-02-08 08:49:15,2025-03-06 08:49:15,Partially Shipped,,49029.20
SO-20250208133603-419,CUST003,2025-02-08 13:36:03,2025-03-05 13:36:03,Partially Shipped,,6817.05
SO-20250215152707-178,CUST001,2025-02-15 15:27:07,2025-03-15 15:27:07,Partially Shipped,,43244.70
SO-20250209160018-703,CUST004,2025-02-09 16:00:18,2025-03-19 16:00:18,Partially Shipped,,10030.00
SO-20250208152755-359,CUST001,2025-02-08 15:27:55,2025-02-18 15:27:55,Partially Shipped,,464419.80
SO-20250208132743-530,CUST004,2025-02-08 13:27:43,2025-03-21 13:27:43,Partially Shipped,,6156.00
SO-20250209080110-417,CUST005,2025-02-09 08:01:10,2025-03-08 08:01:10,Partially Shipped,,19845.00
SO-20250207121020-206,CUST003,2025-02-07 12:10:20,2025-02-25 12:10:20,Partially Shipped,,68670.00
SO-20250207102557-621,CUST002,2025-02-07 10:25:57,2025-03-18 10:25:57,Partially Shipped,,125.00
SO-20250209134122-415,CUST005,2025-02-09 13:41:22,2025-03-24 13:41:22,Partially Shipped,,107634.90
SO-20250219085333-292,CUST002,2025-02-19 08:53:33,2025-03-17 08:53:33,Partially Shipped,,20160.00
SO-20250219090903-330,CUST005,2025-02-19 09:09:03,2025-03-08 09:09:03,Partially Shipped,,5921.60
SO-20250218103346-458,CUST004,2025-02-18 10:33:46,2025-03-08 10:33:46,Partially Shipped,,542.50
SO-20250219113958-703,CUST003,2025-02-19 11:39:58,2025-03-08 11:39:58,Partially Shipped,,36632.50
SO-20250210100941-427,CUST005,2025-02-10 10:09:41,2025-03-25 10:09:41,Partially Shipped,,3564.60
SO-20250212103154-559,CUST003,2025-02-12 10:31:54,2025-03-18 10:31:54,Partially Shipped,,8426.50
SO-20250219163036-486,CUST001,2025-02-19 16:30:36,2025-03-30 16:30:36,Partially Shipped,,12940.50
SO-20250212085402-432,CUST005,2025-02-12 08:54:02,2025-03-20 08:54:02,Partially Shipped,,1966.50
SO-20250211091005-690,CUST002,2025-02-11 09:10:05,2025-03-04 09:10:05,Partially Shipped,,26329.25
SO-20250210114303-535,CUST005,2025-02-10 11:43:03,2025-03-02 11:43:03,Partially Shipped,,16491.50
SO-20250213150853-307,CUST001,2025-02-13 15:08:53,2025-03-21 15:08:53,Partially Shipped,,5320.50
SO-20250213165448-285,CUST004,2025-02-13 16:54:48,2025-03-28 16:54:48,Partially Shipped,,360443.00
SO-20250223145845-425,CUST004,2025-02-23 14:58:45,2025-03-26 14:58:45,Partially Shipped,,845.00
SO-20250302124606-289,CUST003,2025-03-02 12:46:06,2025-04-09 12:46:06,Partially Shipped,,57684.20
SO-20250215150110-538,CUST002,2025-02-15 15:01:10,2025-03-12 15:01:10,Partially Shipped,,72797.50
SO-20250216163224-807,CUST002,2025-02-16 16:32:24,2025-03-21 16:32:24,Partially Shipped,,2491.70
SO-20250225082658-776,CUST001,2025-02-25 08:26:58,2025-03-30 08:26:58,Partially Shipped,,58157.50
SO-20250223132504-183,CUST003,2025-02-23 13:25:04,2025-04-02 13:25:04,Partially Shipped,,4559.60
SO-20250226110354-465,CUST005,2025-02-26 11:03:54,2025-03-31 11:03:54,Partially Shipped,,4940.00
SO-20250221093620-487,CUST003,2025-02-21 09:36:20,2025-03-20 09:36:20,Partially Shipped,,47408.40
SO-20250225121728-150,CUST001,2025-02-25 12:17:28,2025-04-07 12:17:28,Partially Shipped,,11124.50
SO-20250222110625-793,CUST001,2025-02-22 11:06:25,2025-03-29 11:06:25,Partially Shipped,,27069.70
SO-20250228163653-229,CUST003,2025-02-28 16:36:53,2025-03-29 16:36:53,Partially Shipped,,2550.80
SO-20250218135515-491,CUST002,2025-02-18 13:55:15,2025-03-12 13:55:15,Partially Shipped,,3928.65
SO-20250216112227-375,CUST003,2025-02-16 11:22:27,2025-03-05 11:22:27,Partially Shipped,,108797.80
SO-20250224084236-439,CUST003,2025-02-24 08:42:36,2025-03-16 08:42:36,Partially Shipped,,649.70
SO-20250224154202-135,CUST001,2025-02-24 15:42:02,2025-03-12 15:42:02,Partially Shipped,,3150.60
SO-20250303094600-874,CUST001,2025-03-03 09:46:00,2025-03-25 09:46:00,Partially Shipped,,69372.40
SO-20250217121028-309,CUST005,2025-02-17 12:10:28,2025-04-01 12:10:28,Partially Shipped,,67776.80
SO-20250220165533-481,CUST002,2025-02-20 16:55:33,2025-03-11 16:55:33,Partially Shipped,,4806.80
SO-20250226082008-572,CUST002,2025-02-26 08:20:08,2025-04-10 08:20:08,Partially Shipped,,11755.50
SO-20250224093646-655,CUST004,2025-02-24 09:36:46,2025-03-18 09:36:46,Partially Shipped,,14676.00
SO-20250225092519-356,CUST001,2025-02-25 09:25:19,2025-03-20 09:25:19,Partially Shipped,,25080.40
SO-20250217083924-118,CUST004,2025-02-17 08:39:24,2025-03-08 08:39:24,Partially Shipped,,236232.00
SO-20250220080209-501,CUST005,2025-02-20 08:02:09,2025-03-27 08:02:09,Partially Shipped,,5676.70
SO-20250220114031-797,CUST004,2025-02-20 11:40:31,2025-03-12 11:40:31,Partially Shipped,,41713.00
SO-20250228161827-473,CUST004,2025-02-28 16:18:27,2025-03-15 16:18:27,Partially Shipped,,155146.80
SO-20250304151736-185,CUST005,2025-03-04 15:17:36,2025-03-26 15:17:36,Partially Shipped,,2636.40
SO-20250303153953-619,CUST003,2025-03-03 15:39:53,2025-04-12 15:39:53,Partially Shipped,,2006.75
SO-20250227085200-191,CUST003,2025-02-27 08:52:00,2025-04-06 08:52:00,Partially Shipped,,2507.00
SO-20250222134112-344,CUST005,2025-02-22 13:41:12,2025-03-26 13:41:12,Partially Shipped,,32435.75
SO-20250223164102-504,CUST005,2025-02-23 16:41:02,2025-04-01 16:41:02,Partially Shipped,,31107.30
SO-20250220083402-306,CUST005,2025-02-20 08:34:02,2025-03-13 08:34:02,Partially Shipped,,810.75
SO-20250226164053-707,CUST002,2025-02-26 16:40:53,2025-03-22 16:40:53,Partially Shipped,,204765.00
SO-20250304123852-635,CUST005,2025-03-04 12:38:52,2025-03-17 12:38:52,Partially Shipped,,151809.30
SO-20250227125635-756,CUST003,2025-02-27 12:56:35,2025-04-06 12:56:35,Partially Shipped,,6081.30
SO-20250304091345-705,CUST003,2025-03-04 09:13:45,2025-04-16 09:13:45,Partially Shipped,,3825.00
SO-20250227094514-375,CUST002,2025-02-27 09:45:14,2025-04-13 09:45:14,Partially Shipped,,1621.50
SO-20250301102053-102,CUST003,2025-03-01 10:20:53,2025-03-16 10:20:53,Partially Shipped,,11671.50
SO-20250318154418-549,CUST004,2025-03-18 15:44:18,2025-04-11 15:44:18,Partially Shipped,,15210.00
SO-20250317114913-811,CUST001,2025-03-17 11:49:13,2025-04-20 11:49:13,Partially Shipped,,2680.00
SO-20250313152030-441,CUST001,2025-03-13 15:20:30,2025-04-14 15:20:30,Partially Shipped,,10653.00
SO-20250310093657-907,CUST005,2025-03-10 09:36:57,2025-04-14 09:36:57,Partially Shipped,,9169.50
SO-20250305122158-387,CUST001,2025-03-05 12:21:58,2025-04-09 12:21:58,Partially Shipped,,943.80
SO-20250320154026-282,CUST003,2025-03-20 15:40:26,2025-04-23 15:40:26,Partially Shipped,,137925.20
SO-20250306112131-972,CUST002,2025-03-06 11:21:31,2025-03-27 11:21:31,Partially Shipped,,65084.05
SO-20250305083718-198,CUST005,2025-03-05 08:37:18,2025-03-28 08:37:18,Partially Shipped,,388350.00
SO-20250317155704-244,CUST002,2025-03-17 15:57:04,2025-04-14 15:57:04,Partially Shipped,,301207.90
SO-20250307101609-339,CUST001,2025-03-07 10:16:09,2025-03-23 10:16:09,Partially Shipped,,29267.90
SO-20250307080619-519,CUST003,2025-03-07 08:06:19,2025-04-02 08:06:19,Partially Shipped,,10378.70
SO-20250329133648-384,CUST001,2025-03-29 13:36:48,2025-04-26 13:36:48,Partially Shipped,,12980.80
SO-20250308153834-488,CUST004,2025-03-08 15:38:34,2025-03-21 15:38:34,Partially Shipped,,75027.00
SO-20250315105803-379,CUST005,2025-03-15 10:58:03,2025-04-17 10:58:03,Partially Shipped,,256687.50
SO-20250307133445-873,CUST001,2025-03-07 13:34:45,2025-03-29 13:34:45,Partially Shipped,,110884.00
SO-20250315155829-153,CUST001,2025-03-15 15:58:29,2025-03-29 15:58:29,Partially Shipped,,65111.90
SO-20250314145129-452,CUST002,2025-03-14 14:51:29,2025-04-07 14:51:29,Partially Shipped,,4209.70
SO-20250310131103-344,CUST002,2025-03-10 13:11:03,2025-04-05 13:11:03,Partially Shipped,,66456.75
SO-20250310152828-727,CUST002,2025-03-10 15:28:28,2025-04-16 15:28:28,Partially Shipped,,48463.20
SO-20250309154639-657,CUST005,2025-03-09 15:46:39,2025-04-13 15:46:39,Partially Shipped,,75750.00
SO-20250311105641-556,CUST001,2025-03-11 10:56:41,2025-03-30 10:56:41,Partially Shipped,,67119.25
SO-20250329084446-633,CUST002,2025-03-29 08:44:46,2025-04-08 08:44:46,Partially Shipped,,3536.25
SO-20250318101114-392,CUST003,2025-03-18 10:11:14,2025-04-18 10:11:14,Partially Shipped,,63684.60
SO-20250308162259-259,CUST002,2025-03-08 16:22:59,2025-04-05 16:22:59,Partially Shipped,,9810.00
SO-20250312122629-329,CUST002,2025-03-12 12:26:29,2025-04-02 12:26:29,Partially Shipped,,13370.70
SO-20250312082623-847,CUST001,2025-03-12 08:26:23,2025-03-27 08:26:23,Partially Shipped,,196457.30
SO-20250311161918-720,CUST002,2025-03-11 16:19:18,2025-04-05 16:19:18,Partially Shipped,,6947.40
SO-20250309113624-992,CUST005,2025-03-09 11:36:24,2025-04-12 11:36:24,Partially Shipped,,75105.60
SO-20250312124838-402,CUST004,2025-03-12 12:48:38,2025-03-27 12:48:38,Partially Shipped,,6258.70
SO-20250320084115-447,CUST002,2025-03-20 08:41:15,2025-05-04 08:41:15,Partially Shipped,,252934.20
SO-20250313094509-760,CUST001,2025-03-13 09:45:09,2025-04-06 09:45:09,Partially Shipped,,15540.00
SO-20250313124327-790,CUST002,2025-03-13 12:43:27,2025-04-22 12:43:27,Partially Shipped,,24224.80
SO-20250403094034-238,CUST005,2025-04-03 09:40:34,2025-05-18 09:40:34,Partially Shipped,,79095.90
SO-20250314103236-200,CUST002,2025-03-14 10:32:36,2025-03-27 10:32:36,Partially Shipped,,23757.60
SO-20250322164023-285,CUST002,2025-03-22 16:40:23,2025-04-07 16:40:23,Partially Shipped,,3744.00
SO-20250324151110-353,CUST003,2025-03-24 15:11:10,2025-04-08 15:11:10,Partially Shipped,,32551.50
SO-20250315084853-105,CUST004,2025-03-15 08:48:53,2025-04-25 08:48:53,Partially Shipped,,32399.40
SO-20250315163821-361,CUST001,2025-03-15 16:38:21,2025-04-06 16:38:21,Partially Shipped,,18360.00
SO-20250323100308-657,CUST003,2025-03-23 10:03:08,2025-04-06 10:03:08,Partially Shipped,,65430.30
SO-20250324152522-520,CUST003,2025-03-24 15:25:22,2025-04-22 15:25:22,Partially Shipped,,90531.85
SO-20250316150258-515,CUST004,2025-03-16 15:02:58,2025-03-29 15:02:58,Partially Shipped,,47206.80
SO-20250317110912-944,CUST003,2025-03-17 11:09:12,2025-04-19 11:09:12,Partially Shipped,,12828.10
SO-20250316142122-472,CUST002,2025-03-16 14:21:22,2025-04-16 14:21:22,Partially Shipped,,2542.80
SO-20250317091524-882,CUST002,2025-03-17 09:15:24,2025-05-01 09:15:24,Partially Shipped,,23711.30
SO-20250330150138-400,CUST004,2025-03-30 15:01:38,2025-05-12 15:01:38,Partially Shipped,,8051.40
SO-20250318125341-142,CUST002,2025-03-18 12:53:41,2025-04-25 12:53:41,Partially Shipped,,5426.40
SO-20250330154947-232,CUST004,2025-03-30 15:49:47,2025-04-10 15:49:47,Partially Shipped,,97633.20
SO-20250326163522-344,CUST001,2025-03-26 16:35:22,2025-04-17 16:35:22,Partially Shipped,,12774.25
SO-20250319090840-752,CUST001,2025-03-19 09:08:40,2025-04-26 09:08:40,Partially Shipped,,16175.50
SO-20250321131521-115,CUST002,2025-03-21 13:15:21,2025-04-27 13:15:21,Partially Shipped,,21060.00
SO-20250320163324-247,CUST001,2025-03-20 16:33:24,2025-04-25 16:33:24,Partially Shipped,,44032.40
SO-20250321130840-328,CUST004,2025-03-21 13:08:40,2025-04-09 13:08:40,Partially Shipped,,135990.50
SO-20250322101836-424,CUST004,2025-03-22 10:18:36,2025-04-02 10:18:36,Partially Shipped,,26941.20
SO-20250331083115-559,CUST002,2025-03-31 08:31:15,2025-04-11 08:31:15,Partially Shipped,,22260.50
SO-20250328111754-572,CUST004,2025-03-28 11:17:54,2025-04-21 11:17:54,Partially Shipped,,249973.50
SO-20250329103415-744,CUST003,2025-03-29 10:34:15,2025-05-03 10:34:15,Partially Shipped,,9256.50
SO-20250325153435-986,CUST002,2025-03-25 15:34:35,2025-04-09 15:34:35,Partially Shipped,,22672.50
SO-20250324080009-873,CUST005,2025-03-24 08:00:09,2025-04-08 08:00:09,Partially Shipped,,27354.00
SO-20250331080941-556,CUST001,2025-03-31 08:09:41,2025-04-17 08:09:41,Partially Shipped,,453184.80
SO-20250402141248-884,CUST002,2025-04-02 14:12:48,2025-04-27 14:12:48,Partially Shipped,,3382.00
SO-20250325162444-792,CUST002,2025-03-25 16:24:44,2025-04-16 16:24:44,Partially Shipped,,41058.60
SO-20250327145809-561,CUST001,2025-03-27 14:58:09,2025-04-11 14:58:09,Partially Shipped,,3023.50
SO-20250327105908-552,CUST003,2025-03-27 10:59:08,2025-04-09 10:59:08,Partially Shipped,,4947.50
SO-20250402113037-398,CUST004,2025-04-02 11:30:37,2025-04-12 11:30:37,Partially Shipped,,74734.00
SO-20250328095320-902,CUST003,2025-03-28 09:53:20,2025-05-04 09:53:20,Partially Shipped,,44778.40
SO-20250327091119-210,CUST002,2025-03-27 09:11:19,2025-04-14 09:11:19,Partially Shipped,,5901.40
SO-20250403154637-534,CUST003,2025-04-03 15:46:37,2025-04-25 15:46:37,Partially Shipped,,1824.50
SO-20250403080224-582,CUST002,2025-04-03 08:02:24,2025-05-07 08:02:24,Partially Shipped,,20918.50
SO-20250330163226-877,CUST004,2025-03-30 16:32:26,2025-04-12 16:32:26,Partially Shipped,,16020.00
SO-20250326083001-388,CUST001,2025-03-26 08:30:01,2025-04-27 08:30:01,Partially Shipped,,213690.00
SO-20250402120822-925,CUST003,2025-04-02 12:08:22,2025-05-14 12:08:22,Partially Shipped,,5604.30
SO-20250331140211-458,CUST002,2025-03-31 14:02:11,2025-05-03 14:02:11,Partially Shipped,,5036.25
SO-20250416111820-469,CUST001,2025-04-16 11:18:20,2025-05-27 11:18:20,Partially Shipped,,7608.05
SO-20250410131246-687,CUST003,2025-04-10 13:12:46,2025-04-29 13:12:46,Partially Shipped,,15456.00
SO-20250410083302-310,CUST002,2025-04-10 08:33:02,2025-05-07 08:33:02,Partially Shipped,,37377.50
SO-20250411102947-862,CUST001,2025-04-11 10:29:47,2025-05-13 10:29:47,Partially Shipped,,54326.75
SO-20250415114020-756,CUST005,2025-04-15 11:40:20,2025-05-29 11:40:20,Partially Shipped,,4797.20
SO-20250401133143-576,CUST004,2025-04-01 13:31:43,2025-04-26 13:31:43,Partially Shipped,,7605.00
SO-20250417080230-744,CUST003,2025-04-17 08:02:30,2025-05-14 08:02:30,Partially Shipped,,78208.60
SO-20250420165020-100,CUST001,2025-04-20 16:50:20,2025-06-01 16:50:20,Partially Shipped,,226574.60
SO-20250418112820-825,CUST001,2025-04-18 11:28:20,2025-05-19 11:28:20,Partially Shipped,,166711.60
SO-20250410140329-247,CUST002,2025-04-10 14:03:29,2025-04-29 14:03:29,Partially Shipped,,10302.00
SO-20250412094308-107,CUST003,2025-04-12 09:43:08,2025-05-18 09:43:08,Partially Shipped,,4361.00
SO-20250405082810-914,CUST001,2025-04-05 08:28:10,2025-05-18 08:28:10,Partially Shipped,,130329.00
SO-20250413165720-254,CUST002,2025-04-13 16:57:20,2025-05-11 16:57:20,Partially Shipped,,21704.10
SO-20250406104909-867,CUST005,2025-04-06 10:49:09,2025-04-24 10:49:09,Partially Shipped,,1183.50
SO-20250405125855-311,CUST001,2025-04-05 12:58:55,2025-04-15 12:58:55,Partially Shipped,,15778.80
SO-20250429110916-226,CUST002,2025-04-29 11:09:16,2025-05-14 11:09:16,Partially Shipped,,75330.00
SO-20250405163656-283,CUST001,2025-04-05 16:36:56,2025-05-01 16:36:56,Partially Shipped,,235339.50
SO-20250407095909-638,CUST002,2025-04-07 09:59:09,2025-05-05 09:59:09,Partially Shipped,,206632.50
SO-20250407145738-564,CUST003,2025-04-07 14:57:38,2025-04-29 14:57:38,Partially Shipped,,8325.00
SO-20250406110122-967,CUST002,2025-04-06 11:01:22,2025-05-03 11:01:22,Partially Shipped,,12036.00
SO-20250423163516-416,CUST005,2025-04-23 16:35:16,2025-05-26 16:35:16,Partially Shipped,,391.00
SO-20250417120419-477,CUST004,2025-04-17 12:04:19,2025-04-27 12:04:19,Partially Shipped,,88540.00
SO-20250408162353-944,CUST004,2025-04-08 16:23:53,2025-05-06 16:23:53,Partially Shipped,,302327.90
SO-20250404152548-816,CUST003,2025-04-04 15:25:48,2025-05-04 15:25:48,Partially Shipped,,34143.50
SO-20250417145546-474,CUST003,2025-04-17 14:55:46,2025-05-17 14:55:46,Partially Shipped,,1005.70
SO-20250414113517-571,CUST005,2025-04-14 11:35:17,2025-05-04 11:35:17,Partially Shipped,,242607.00
SO-20250409154131-234,CUST003,2025-04-09 15:41:31,2025-04-22 15:41:31,Partially Shipped,,26566.70
SO-20250408131513-598,CUST003,2025-04-08 13:15:13,2025-05-17 13:15:13,Partially Shipped,,1246.40
SO-20250407133225-807,CUST003,2025-04-07 13:32:25,2025-05-22 13:32:25,Partially Shipped,,4216.50
SO-20250409131547-812,CUST001,2025-04-09 13:15:47,2025-04-20 13:15:47,Partially Shipped,,218821.75
SO-20250418160859-292,CUST005,2025-04-18 16:08:59,2025-05-16 16:08:59,Partially Shipped,,9643.50
SO-20250418163951-931,CUST005,2025-04-18 16:39:51,2025-05-03 16:39:51,Partially Shipped,,14712.10
SO-20250407130305-894,CUST003,2025-04-07 13:03:05,2025-05-05 13:03:05,Partially Shipped,,254617.50
SO-20250406131755-481,CUST001,2025-04-06 13:17:55,2025-05-13 13:17:55,Partially Shipped,,11319.75
SO-20250410151739-817,CUST003,2025-04-10 15:17:39,2025-05-09 15:17:39,Partially Shipped,,8530.70
SO-20250408120041-523,CUST005,2025-04-08 12:00:41,2025-05-02 12:00:41,Partially Shipped,,48670.20
SO-20250421140656-152,CUST005,2025-04-21 14:06:56,2025-05-02 14:06:56,Partially Shipped,,722.50
SO-20250414115823-501,CUST004,2025-04-14 11:58:23,2025-05-16 11:58:23,Partially Shipped,,30602.50
SO-20250413112424-579,CUST005,2025-04-13 11:24:24,2025-04-29 11:24:24,Partially Shipped,,8187.60
SO-20250426153721-303,CUST003,2025-04-26 15:37:21,2025-05-17 15:37:21,Partially Shipped,,54313.25
SO-20250423114739-753,CUST004,2025-04-23 11:47:39,2025-05-30 11:47:39,Partially Shipped,,28502.50
SO-20250411155758-737,CUST001,2025-04-11 15:57:58,2025-05-12 15:57:58,Partially Shipped,,1092.00
SO-20250412102720-819,CUST002,2025-04-12 10:27:20,2025-05-18 10:27:20,Partially Shipped,,25888.15
SO-20250413123817-715,CUST002,2025-04-13 12:38:17,2025-05-08 12:38:17,Partially Shipped,,199890.00
SO-20250414125830-724,CUST005,2025-04-14 12:58:30,2025-05-15 12:58:30,Partially Shipped,,51253.80
SO-20250428092449-658,CUST001,2025-04-28 09:24:49,2025-06-07 09:24:49,Partially Shipped,,2199.60
SO-20250415095720-719,CUST004,2025-04-15 09:57:20,2025-05-16 09:57:20,Partially Shipped,,47047.50
SO-20250427155706-967,CUST002,2025-04-27 15:57:06,2025-06-06 15:57:06,Partially Shipped,,132485.00
SO-20250416083446-572,CUST004,2025-04-16 08:34:46,2025-05-12 08:34:46,Partially Shipped,,19152.00
SO-20250419121118-490,CUST004,2025-04-19 12:11:18,2025-04-30 12:11:18,Partially Shipped,,8070.70
SO-20250502083149-522,CUST003,2025-05-02 08:31:49,2025-05-18 08:31:49,Partially Shipped,,90080.80
SO-20250425115813-372,CUST005,2025-04-25 11:58:13,2025-05-15 11:58:13,Partially Shipped,,304379.50
SO-20250425131152-891,CUST004,2025-04-25 13:11:52,2025-05-15 13:11:52,Partially Shipped,,5016.00
SO-20250418093004-880,CUST003,2025-04-18 09:30:04,2025-04-29 09:30:04,Partially Shipped,,48385.20
SO-20250427154247-636,CUST005,2025-04-27 15:42:47,2025-06-09 15:42:47,Partially Shipped,,680.00
SO-20250420103103-711,CUST001,2025-04-20 10:31:03,2025-05-21 10:31:03,Partially Shipped,,2723.40
SO-20250422082726-442,CUST001,2025-04-22 08:27:26,2025-05-18 08:27:26,Partially Shipped,,50226.25
SO-20250429121512-626,CUST004,2025-04-29 12:15:12,2025-06-04 12:15:12,Partially Shipped,,16554.90
SO-20250422122115-347,CUST001,2025-04-22 12:21:15,2025-05-16 12:21:15,Partially Shipped,,15807.50
SO-20250424114456-800,CUST002,2025-04-24 11:44:56,2025-05-30 11:44:56,Partially Shipped,,21105.60
SO-20250422114003-129,CUST002,2025-04-22 11:40:03,2025-05-14 11:40:03,Partially Shipped,,406908.25
SO-20250421140249-945,CUST003,2025-04-21 14:02:49,2025-05-22 14:02:49,Partially Shipped,,1521.00
SO-20250429141252-491,CUST005,2025-04-29 14:12:52,2025-05-10 14:12:52,Partially Shipped,,2064.40
SO-20250430115745-971,CUST003,2025-04-30 11:57:45,2025-06-08 11:57:45,Partially Shipped,,151778.90
SO-20250430093506-462,CUST004,2025-04-30 09:35:06,2025-05-13 09:35:06,Partially Shipped,,23826.80
SO-20250423160054-344,CUST004,2025-04-23 16:00:54,2025-06-04 16:00:54,Partially Shipped,,9177.40
SO-20250501100848-183,CUST001,2025-05-01 10:08:48,2025-06-08 10:08:48,Partially Shipped,,3088.80
SO-20250427122358-131,CUST002,2025-04-27 12:23:58,2025-06-10 12:23:58,Partially Shipped,,36948.60
SO-20250502150317-950,CUST002,2025-05-02 15:03:17,2025-06-08 15:03:17,Partially Shipped,,22417.50
SO-20250425092416-576,CUST004,2025-04-25 09:24:16,2025-05-08 09:24:16,Partially Shipped,,72586.60
SO-20250501083555-869,CUST005,2025-05-01 08:35:55,2025-06-05 08:35:55,Partially Shipped,,707.25
SO-20250429125207-336,CUST002,2025-04-29 12:52:07,2025-05-12 12:52:07,Partially Shipped,,54516.00
SO-20250429152428-385,CUST001,2025-04-29 15:24:28,2025-06-01 15:24:28,Partially Shipped,,15814.10
SO-20250517080908-952,CUST002,2025-05-17 08:09:08,2025-06-12 08:09:08,Partially Shipped,,10468.60
SO-20250510101040-476,CUST003,2025-05-10 10:10:40,2025-05-23 10:10:40,Partially Shipped,,100316.65
SO-20250509083330-602,CUST005,2025-05-09 08:33:30,2025-06-20 08:33:30,Partially Shipped,,16562.50
SO-20250512095512-170,CUST003,2025-05-12 09:55:12,2025-05-28 09:55:12,Partially Shipped,,2116.00
SO-20250509101206-159,CUST004,2025-05-09 10:12:06,2025-06-20 10:12:06,Partially Shipped,,10930.00
SO-20250503094622-831,CUST001,2025-05-03 09:46:22,2025-06-14 09:46:22,Partially Shipped,,93988.25
SO-20250503104148-644,CUST005,2025-05-03 10:41:48,2025-06-05 10:41:48,Partially Shipped,,159591.40
SO-20250502080046-223,CUST004,2025-05-02 08:00:46,2025-05-16 08:00:46,Partially Shipped,,27755.30
SO-20250503094252-779,CUST005,2025-05-03 09:42:52,2025-06-10 09:42:52,Partially Shipped,,48923.30
SO-20250521165416-141,CUST003,2025-05-21 16:54:16,2025-06-08 16:54:16,Pending,,2741.20
SO-20250513145108-794,CUST002,2025-05-13 14:51:08,2025-06-17 14:51:08,Partially Shipped,,7265.60
SO-20250511080656-213,CUST001,2025-05-11 08:06:56,2025-05-21 08:06:56,Partially Shipped,,20775.00
SO-20250505121056-623,CUST002,2025-05-05 12:10:56,2025-05-19 12:10:56,Partially Shipped,,141588.00
SO-20250505123423-749,CUST003,2025-05-05 12:34:23,2025-05-26 12:34:23,Partially Shipped,,8186.15
SO-20250505141012-895,CUST003,2025-05-05 14:10:12,2025-06-15 14:10:12,Partially Shipped,,4841.70
SO-20250521161005-840,CUST002,2025-05-21 16:10:05,2025-06-25 16:10:05,Pending,,216424.05
SO-20250517121631-551,CUST005,2025-05-17 12:16:31,2025-06-19 12:16:31,Partially Shipped,,17647.40
SO-20250505094713-770,CUST003,2025-05-05 09:47:13,2025-05-19 09:47:13,Partially Shipped,,3932.80
SO-20250504084601-872,CUST003,2025-05-04 08:46:01,2025-06-03 08:46:01,Partially Shipped,,11590.80
SO-20250503151228-926,CUST004,2025-05-03 15:12:28,2025-06-03 15:12:28,Partially Shipped,,6986.50
SO-20250516142142-565,CUST002,2025-05-16 14:21:42,2025-06-10 14:21:42,Partially Shipped,,178529.50
SO-20250505111102-601,CUST005,2025-05-05 11:11:02,2025-06-18 11:11:02,Partially Shipped,,59925.00
SO-20250507133856-165,CUST005,2025-05-07 13:38:56,2025-06-06 13:38:56,Partially Shipped,,1903.25
SO-20250516090637-747,CUST003,2025-05-16 09:06:37,2025-06-12 09:06:37,Partially Shipped,,10982.50
SO-20250507122810-564,CUST004,2025-05-07 12:28:10,2025-05-29 12:28:10,Partially Shipped,,1529.50
SO-20250508080005-194,CUST002,2025-05-08 08:00:05,2025-06-19 08:00:05,Partially Shipped,,30090.75
SO-20250507161751-632,CUST001,2025-05-07 16:17:51,2025-06-06 16:17:51,Partially Shipped,,12691.80
SO-20250522133104-429,CUST003,2025-05-22 13:31:04,2025-06-06 13:31:04,Pending,,44562.50
SO-20250506100843-323,CUST005,2025-05-06 10:08:43,2025-06-06 10:08:43,Partially Shipped,,36142.90
SO-20250508133501-361,CUST001,2025-05-08 13:35:01,2025-05-30 13:35:01,Partially Shipped,,98018.05
SO-20250522123424-704,CUST001,2025-05-22 12:34:24,2025-06-17 12:34:24,Pending,,44934.50
SO-20250508134115-813,CUST002,2025-05-08 13:41:15,2025-06-08 13:41:15,Partially Shipped,,9157.50
SO-20250509104606-696,CUST001,2025-05-09 10:46:06,2025-05-29 10:46:06,Partially Shipped,,3754.50
SO-20250522133734-998,CUST003,2025-05-22 13:37:34,2025-06-27 13:37:34,Pending,,71014.60
SO-20250512090335-943,CUST003,2025-05-12 09:03:35,2025-06-05 09:03:35,Partially Shipped,,21921.00
SO-20250513144103-959,CUST005,2025-05-13 14:41:03,2025-05-24 14:41:03,Partially Shipped,,1991.20
SO-20250518091526-633,CUST004,2025-05-18 09:15:26,2025-06-23 09:15:26,Pending,,39542.70
SO-20250514153849-806,CUST003,2025-05-14 15:38:49,2025-05-31 15:38:49,Partially Shipped,,13140.50
SO-20250515084501-714,CUST005,2025-05-15 08:45:01,2025-06-28 08:45:01,Partially Shipped,,11700.00
SO-20250513143924-577,CUST005,2025-05-13 14:39:24,2025-05-26 14:39:24,Partially Shipped,,17531.75
SO-20250514135156-670,CUST004,2025-05-14 13:51:56,2025-06-18 13:51:56,Partially Shipped,,9393.30
SO-20250516145841-810,CUST003,2025-05-16 14:58:41,2025-06-19 14:58:41,Partially Shipped,,2157.20
SO-20250520141512-993,CUST001,2025-05-20 14:15:12,2025-06-06 14:15:12,Pending,,645.00
SO-20250516130921-617,CUST003,2025-05-16 13:09:21,2025-05-27 13:09:21,Partially Shipped,,170179.60
SO-20250522104559-153,CUST002,2025-05-22 10:45:59,2025-06-08 10:45:59,Pending,,20022.00
SO-20250519145855-719,CUST003,2025-05-19 14:58:55,2025-06-04 14:58:55,Partially Shipped,,4344.20
SO-20250518162701-775,CUST004,2025-05-18 16:27:01,2025-06-15 16:27:01,Partially Shipped,,63866.40
SO-20250519101656-476,CUST001,2025-05-19 10:16:56,2025-05-30 10:16:56,Partially Shipped,,379281.10
SO-20250520155358-218,CUST003,2025-05-20 15:53:58,2025-06-07 15:53:58,Partially Shipped,,24581.25
